[
    {
        "position": "Receptionist",
        "location": "Scaramento CA",
        "type": "Clerical",
        "date": "20/02/2020",
        "job_disc": "Marathon Staffing is seeking a detail oriented and problem solving Desk Clerk for our Client in Scaramento. This position required..."
    },
    {
        "position": "Receptionist",
        "location": "Scaramento CA",
        "type": "Clerical",
        "date": "20/02/2020",
        "job_disc": "Marathon Staffing is seeking a detail oriented and problem solving Desk Clerk for our Client in Scaramento. This position required..."
    },
    {
        "position": "Receptionist",
        "location": "Scaramento CA",
        "type": "Clerical",
        "date": "20/02/2020",
        "job_disc": "Marathon Staffing is seeking a detail oriented and problem solving Desk Clerk for our Client in Scaramento. This position required..."
    },
    {
        "position": "Receptionist",
        "location": "Scaramento CA",
        "type": "Clerical",
        "date": "20/02/2020",
        "job_disc": "Marathon Staffing is seeking a detail oriented and problem solving Desk Clerk for our Client in Scaramento. This position required..."
    },
    {
        "position": "Receptionist",
        "location": "Scaramento CA",
        "type": "Clerical",
        "date": "20/02/2020",
        "job_disc": "Marathon Staffing is seeking a detail oriented and problem solving Desk Clerk for our Client in Scaramento. This position required..."
    },
    {
        "position": "Receptionist",
        "location": "Scaramento CA",
        "type": "Clerical",
        "date": "20/02/2020",
        "job_disc": "Marathon Staffing is seeking a detail oriented and problem solving Desk Clerk for our Client in Scaramento. This position required..."
    }
]